  1.0944E-19, 100.0000
  3.6794E-17, 100.0000
  1.8397E-17, 100.0000
  1.4988E-14, 100.0000
  4.4973E-14, 100.0000
  1.2443E-13, 100.0000
  4.5157E-13, 100.0000
  3.1231E-12, 100.0000
  2.9839E-11, 100.0000
  2.9699E-10, 100.0000
  2.0885E-09, 100.0000
  3.8800E-09, 100.0000
  7.4796E-09, 100.0000
  1.3918E-08, 100.0000
  2.5147E-08, 100.0000
  4.4003E-08, 100.0000
  6.2859E-08, 100.0000
  9.5517E-08, 100.0000
  1.2818E-07, 100.0000
  1.6083E-07, 100.0000
  2.1669E-07, 100.0000
  3.2896E-07, 100.0000
  5.0246E-07, 100.0000
  6.7596E-07, 100.0000
  8.4947E-07, 100.0000
  1.0230E-06, 100.0000
  1.1965E-06, 100.0000
  1.5404E-06, 100.0000
  1.8842E-06, 100.0000
  2.2281E-06, 100.0000
  2.5720E-06, 100.0000
  2.9159E-06, 100.0000
  3.2598E-06, 100.0000
  3.7848E-06, 100.0000
  4.3099E-06, 100.0000
  4.8350E-06, 100.0000
  5.3601E-06, 100.0000
  5.8851E-06, 100.0000
  6.4102E-06, 100.0000
  6.9353E-06, 100.0000
  7.7612E-06, 100.0000
  8.5872E-06, 100.0000
  9.4131E-06, 100.0000
  1.0239E-05, 100.0000
  1.1065E-05, 100.0000
  1.1891E-05, 100.0000
  1.2717E-05, 100.0000
  1.3543E-05, 100.0000
  1.4369E-05, 100.0000
  1.5195E-05, 100.0000
  1.6021E-05, 100.0000
  1.6847E-05, 100.0000
  1.7673E-05, 100.0000
  1.8498E-05, 100.0000
  1.9324E-05, 100.0000
  2.0150E-05, 100.0000
  2.0976E-05, 100.0000
  2.2251E-05, 100.0000
  2.3525E-05, 100.0000
  2.4800E-05, 100.0000
  2.6074E-05, 100.0000
  2.7348E-05, 100.0000
  2.8623E-05, 100.0000
  2.9897E-05, 100.0000
  3.1172E-05, 100.0000
  3.2446E-05, 100.0000
  3.3720E-05, 100.0000
  3.4995E-05, 100.0000
  3.6269E-05, 100.0000
  3.7544E-05, 100.0000
  3.8818E-05, 100.0000
  4.0092E-05, 100.0000
  4.1367E-05, 100.0000
  4.2641E-05, 100.0000
  4.3916E-05, 100.0000
  4.5190E-05, 100.0000
  4.6464E-05, 100.0000
  4.7739E-05, 100.0000
  4.9013E-05, 100.0000
  5.0288E-05, 100.0000
  5.1562E-05, 100.0000
  5.2837E-05, 100.0000
  5.4780E-05, 100.0000
  5.6724E-05, 100.0000
  5.8668E-05, 100.0000
  6.0612E-05, 100.0000
  6.2555E-05, 100.0000
  6.4499E-05, 100.0000
  6.6443E-05, 100.0000
  6.8387E-05, 100.0000
  7.0330E-05, 100.0000
  7.2274E-05, 100.0000
  7.4218E-05, 100.0000
  7.6162E-05, 100.0000
  7.8105E-05, 100.0000
  8.0049E-05, 100.0000
  8.1993E-05, 100.0000
  8.3936E-05, 100.0000
  8.5880E-05, 100.0000
  8.7824E-05, 100.0000
  8.9768E-05, 100.0000
  9.1711E-05, 100.0000
  9.3655E-05, 100.0000
  9.5599E-05, 100.0000
  9.7543E-05, 100.0000
  9.9486E-05, 100.0000
  1.0143E-04, 100.0000
  1.0337E-04, 100.0000
  1.0631E-04, 100.0000
  1.0925E-04, 100.0000
  1.1218E-04, 100.0000
  1.1512E-04, 100.0000
  1.1805E-04, 100.0000
  1.2099E-04, 100.0000
  1.2393E-04, 100.0000
  1.2686E-04, 100.0000
  1.2980E-04, 100.0000
  1.3273E-04, 100.0000
  1.3567E-04, 100.0000
  1.3861E-04, 100.0000
  1.4154E-04, 100.0000
  1.4448E-04, 100.0000
  1.4741E-04, 100.0000
  1.5204E-04, 100.0000
  1.5666E-04, 100.0000
  1.6129E-04, 100.0000
  1.6591E-04, 100.0000
  1.7054E-04, 100.0000
  1.7516E-04, 100.0000
  1.7978E-04, 100.0000
  1.8441E-04, 100.0000
  1.8903E-04, 100.0000
  1.9366E-04, 100.0000
  2.0123E-04, 100.0000
  2.0880E-04, 100.0000
  2.1638E-04, 100.0000
  2.2395E-04, 100.0000
  2.3152E-04, 100.0000
  2.3910E-04, 100.0000
  2.5597E-04, 100.0000
  2.7283E-04, 100.0000
  2.8970E-04, 100.0000
  2.8440E-04, 100.0000
  2.9597E-04, 100.0000
  3.0754E-04, 100.0000
  3.1911E-04, 100.0000
  3.3068E-04, 100.0000
  3.4225E-04, 100.0000
  3.5382E-04, 100.0000
  3.7793E-04, 100.0000
  4.0203E-04, 100.0000
  4.2614E-04, 100.0000
  4.5025E-04, 100.0000
  4.7436E-04, 100.0000
  4.9847E-04, 100.0000
  5.2258E-04, 100.0000
  5.4669E-04, 100.0000
  5.7080E-04, 100.0000
  6.3821E-04, 100.0000
  7.0562E-04, 100.0000
  7.7303E-04, 100.0000
  8.4045E-04, 100.0000
  9.0786E-04, 100.0001
  9.7527E-04, 100.0001
  1.0427E-03, 100.0001
  1.1101E-03, 100.0001
  1.2148E-03, 100.0001
  1.3196E-03, 100.0001
  1.4243E-03, 100.0001
  1.5291E-03, 100.0001
  1.6338E-03, 100.0001
  1.7385E-03, 100.0001
  1.8433E-03, 100.0001
  2.0378E-03, 100.0001
  2.2323E-03, 100.0001
  2.4267E-03, 100.0001
  2.6212E-03, 100.0001
  2.9219E-03, 100.0002
  3.2226E-03, 100.0002
  3.5233E-03, 100.0002
  3.8240E-03, 100.0002
  4.1246E-03, 100.0002
  4.4253E-03, 100.0003
  4.7260E-03, 100.0003
  5.0267E-03, 100.0003
  5.3274E-03, 100.0003
  5.6280E-03, 100.0003
  5.9287E-03, 100.0003
  6.2294E-03, 100.0004
  6.5301E-03, 100.0004
  6.8308E-03, 100.0004
  7.1314E-03, 100.0004
  7.4321E-03, 100.0004
  7.7328E-03, 100.0004
  7.6516E-03, 100.0004
  7.8712E-03, 100.0005
  7.8093E-03, 100.0005
  7.9670E-03, 100.0005
  8.1247E-03, 100.0005
  8.2824E-03, 100.0005
  8.4400E-03, 100.0005
  8.5977E-03, 100.0005
  8.7554E-03, 100.0005
  8.9131E-03, 100.0005
  9.0707E-03, 100.0005
  9.2284E-03, 100.0005
  9.1803E-03, 100.0005
  9.2898E-03, 100.0005
  9.2562E-03, 100.0005
  9.3321E-03, 100.0005
  9.4080E-03, 100.0005
  9.4839E-03, 100.0006
  9.5598E-03, 100.0006
  9.6358E-03, 100.0006
  9.7117E-03, 100.0006
  9.6912E-03, 100.0006
  9.7465E-03, 100.0006
  9.8019E-03, 100.0006
  9.8573E-03, 100.0006
  9.9127E-03, 100.0006
  1.0000E-02, 100.0006
  1.0088E-02, 100.0006
  1.0176E-02, 100.0006
  1.0264E-02, 100.0006
  1.0351E-02, 100.0006
  1.0439E-02, 100.0006
  1.0527E-02, 100.0006
  1.0614E-02, 100.0006
  1.0702E-02, 100.0006
  1.0790E-02, 100.0006
  1.0877E-02, 100.0006
  1.0965E-02, 100.0006
  1.1053E-02, 100.0006
  1.1141E-02, 100.0007
  1.1228E-02, 100.0007
  1.1316E-02, 100.0007
  1.1404E-02, 100.0007
  1.1491E-02, 100.0007
  1.1579E-02, 100.0007
  1.1667E-02, 100.0007
  1.1755E-02, 100.0007
  1.1842E-02, 100.0007
  1.1975E-02, 100.0007
  1.2107E-02, 100.0007
  1.2240E-02, 100.0007
  1.2537E-02, 100.0007
  1.2835E-02, 100.0008
  1.3133E-02, 100.0008
  1.3431E-02, 100.0008
  1.3729E-02, 100.0008
  1.4027E-02, 100.0008
  1.4325E-02, 100.0009
  1.4622E-02, 100.0009
  1.4920E-02, 100.0009
  1.5218E-02, 100.0009
  1.5516E-02, 100.0009
  1.5814E-02, 100.0009
  1.6112E-02, 100.0010
  1.6410E-02, 100.0010
  1.6707E-02, 100.0010
  1.7005E-02, 100.0010
  1.7303E-02, 100.0010
  1.7601E-02, 100.0011
  1.7899E-02, 100.0011
  1.8197E-02, 100.0011
  1.8495E-02, 100.0011
  1.8792E-02, 100.0011
  1.9090E-02, 100.0011
  1.9388E-02, 100.0012
  1.9686E-02, 100.0012
  1.9984E-02, 100.0012
  2.0282E-02, 100.0012
  2.0580E-02, 100.0012
  2.0877E-02, 100.0013
  2.1175E-02, 100.0013
  2.1473E-02, 100.0013
  2.1771E-02, 100.0013
  2.2069E-02, 100.0013
  2.2367E-02, 100.0014
  2.2665E-02, 100.0014
  2.2962E-02, 100.0014
  2.3260E-02, 100.0014
  2.3558E-02, 100.0014
  2.3856E-02, 100.0015
  2.4154E-02, 100.0015
  2.4452E-02, 100.0015
  2.4355E-02, 100.0015
  2.4557E-02, 100.0015
  2.4496E-02, 100.0015
  2.4636E-02, 100.0015
  2.4776E-02, 100.0015
  2.4916E-02, 100.0015
  2.5057E-02, 100.0015
  2.5197E-02, 100.0015
  2.5337E-02, 100.0015
  2.5478E-02, 100.0016
  2.5618E-02, 100.0016
  2.5758E-02, 100.0016
  2.5714E-02, 100.0016
  2.5811E-02, 100.0016
  2.5907E-02, 100.0016
  2.6003E-02, 100.0016
  2.6099E-02, 100.0016
  2.6196E-02, 100.0016
  2.6425E-02, 100.0016
  2.6654E-02, 100.0016
  2.6884E-02, 100.0016
  2.7113E-02, 100.0017
  2.7342E-02, 100.0017
  2.7705E-02, 100.0017
  2.8068E-02, 100.0017
  2.8431E-02, 100.0018
  2.8795E-02, 100.0018
  2.9414E-02, 100.0018
  3.0033E-02, 100.0019
  3.0653E-02, 100.0019
  3.1272E-02, 100.0019
  3.1892E-02, 100.0020
  3.2511E-02, 100.0020
  3.3131E-02, 100.0021
  3.3750E-02, 100.0021
  3.4370E-02, 100.0021
  3.4989E-02, 100.0022
  3.5609E-02, 100.0022
  3.6228E-02, 100.0023
  3.6848E-02, 100.0023
  3.7467E-02, 100.0024
  3.8087E-02, 100.0024
  3.8706E-02, 100.0024
  3.9325E-02, 100.0025
  3.9945E-02, 100.0025
  4.0564E-02, 100.0026
  4.1184E-02, 100.0026
  4.1803E-02, 100.0026
  4.2423E-02, 100.0027
  4.3042E-02, 100.0027
  4.3662E-02, 100.0028
  4.4281E-02, 100.0028
  4.4901E-02, 100.0029
  4.5520E-02, 100.0029
  4.6140E-02, 100.0029
  4.6759E-02, 100.0030
  4.7379E-02, 100.0030
  4.7998E-02, 100.0031
  4.8618E-02, 100.0031
  4.8402E-02, 100.0031
  4.8806E-02, 100.0031
  4.8673E-02, 100.0031
  4.8943E-02, 100.0031
  4.9213E-02, 100.0032
  4.9484E-02, 100.0032
  4.9754E-02, 100.0032
  5.0025E-02, 100.0032
  5.0295E-02, 100.0032
  5.0566E-02, 100.0033
  5.0836E-02, 100.0033
  5.1106E-02, 100.0033
  5.1377E-02, 100.0033
  5.1647E-02, 100.0033
  5.1918E-02, 100.0034
  5.2188E-02, 100.0034
  5.2459E-02, 100.0034
  5.2945E-02, 100.0034
  5.3431E-02, 100.0035
  5.3917E-02, 100.0035
  5.4404E-02, 100.0035
  5.4890E-02, 100.0036
  5.5376E-02, 100.0036
  5.6273E-02, 100.0037
  5.7171E-02, 100.0037
  5.8068E-02, 100.0038
  5.8965E-02, 100.0039
  5.9863E-02, 100.0039
  6.0760E-02, 100.0040
  6.1657E-02, 100.0041
  6.2555E-02, 100.0041
  6.3452E-02, 100.0042
  6.4939E-02, 100.0043
  6.6426E-02, 100.0044
  6.7913E-02, 100.0045
  6.9400E-02, 100.0046
  7.0887E-02, 100.0047
  7.2374E-02, 100.0049
  7.3860E-02, 100.0050
  7.5347E-02, 100.0051
  7.6834E-02, 100.0052
  7.8321E-02, 100.0053
  7.9808E-02, 100.0054
  7.9371E-02, 100.0054
  8.0421E-02, 100.0055
  8.0083E-02, 100.0054
  8.0796E-02, 100.0055
  8.0581E-02, 100.0055
  8.1078E-02, 100.0055
  8.0949E-02, 100.0055
  8.1317E-02, 100.0055
  8.1685E-02, 100.0056
  8.2053E-02, 100.0056
  8.2421E-02, 100.0056
  8.2789E-02, 100.0056
  8.3158E-02, 100.0057
  8.3048E-02, 100.0057
  8.3306E-02, 100.0057
  8.3224E-02, 100.0057
  8.3400E-02, 100.0057
  8.3351E-02, 100.0057
  8.3478E-02, 100.0057
  8.3605E-02, 100.0057
  8.3732E-02, 100.0057
  8.3859E-02, 100.0057
  8.3986E-02, 100.0057
  8.4113E-02, 100.0058
  8.4074E-02, 100.0057
  8.4163E-02, 100.0058
  8.4251E-02, 100.0058
  8.4340E-02, 100.0058
  8.4428E-02, 100.0058
  8.4517E-02, 100.0058
  8.4605E-02, 100.0058
  8.4579E-02, 100.0058
  8.4641E-02, 100.0058
  8.4704E-02, 100.0058
  8.4766E-02, 100.0058
  8.4828E-02, 100.0058
  8.4891E-02, 100.0058
  8.4953E-02, 100.0058
  8.4935E-02, 100.0058
  8.4979E-02, 100.0058
  8.5023E-02, 100.0058
  8.5114E-02, 100.0058
  8.5078E-02, 100.0058
  8.5132E-02, 100.0058
  8.5187E-02, 100.0058
  8.5241E-02, 100.0058
  8.5296E-02, 100.0058
  8.5350E-02, 100.0058
  8.5405E-02, 100.0059
  8.5459E-02, 100.0059
  8.5514E-02, 100.0059
  8.5602E-02, 100.0059
  8.5690E-02, 100.0059
  8.5778E-02, 100.0059
  8.5865E-02, 100.0059
  8.6035E-02, 100.0059
  8.6298E-02, 100.0059
  8.6562E-02, 100.0059
  8.6825E-02, 100.0060
  8.7089E-02, 100.0060
  8.7661E-02, 100.0060
  8.8232E-02, 100.0061
  8.8804E-02, 100.0061
  8.9827E-02, 100.0062
  9.0850E-02, 100.0063
  9.1873E-02, 100.0064
  9.3854E-02, 100.0065
  9.5834E-02, 100.0067
  9.7815E-02, 100.0068
  9.9795E-02, 100.0070
  1.0178E-01, 100.0072
  1.0376E-01, 100.0073
  1.0574E-01, 100.0075
  1.0772E-01, 100.0076
  1.0970E-01, 100.0078
  1.1168E-01, 100.0080
  1.1366E-01, 100.0081
  1.1564E-01, 100.0083
  1.1762E-01, 100.0085
  1.1960E-01, 100.0086
  1.2158E-01, 100.0088
  1.2356E-01, 100.0090
  1.2296E-01, 100.0089
  1.2434E-01, 100.0091
  1.2571E-01, 100.0092
  1.2709E-01, 100.0093
  1.2847E-01, 100.0094
  1.2985E-01, 100.0095
  1.2939E-01, 100.0095
  1.3032E-01, 100.0096
  1.3124E-01, 100.0097
  1.3217E-01, 100.0097
  1.3309E-01, 100.0098
  1.3401E-01, 100.0099
  1.3494E-01, 100.0100
  1.3586E-01, 100.0101
  1.3679E-01, 100.0102
  1.3771E-01, 100.0102
  1.3863E-01, 100.0103
  1.3956E-01, 100.0104
  1.4048E-01, 100.0105
  1.4141E-01, 100.0106
  1.4233E-01, 100.0106
  1.4204E-01, 100.0106
  1.4268E-01, 100.0107
  1.4248E-01, 100.0107
  1.4292E-01, 100.0107
  1.4335E-01, 100.0107
  1.4379E-01, 100.0108
  1.4448E-01, 100.0108
  1.4517E-01, 100.0109
  1.4586E-01, 100.0110
  1.4758E-01, 100.0111
  1.5122E-01, 100.0115
  1.5486E-01, 100.0118
  1.5849E-01, 100.0121
  1.6213E-01, 100.0125
  1.6576E-01, 100.0128
  1.6940E-01, 100.0132
  1.7304E-01, 100.0135
  1.7667E-01, 100.0139
  1.8031E-01, 100.0142
  1.8395E-01, 100.0146
  1.8758E-01, 100.0150
  1.9122E-01, 100.0153
  1.9486E-01, 100.0157
  1.9849E-01, 100.0161
  2.0213E-01, 100.0165
  2.0576E-01, 100.0168
  2.0940E-01, 100.0172
  2.1304E-01, 100.0176
  2.1157E-01, 100.0175
  2.1374E-01, 100.0177
  2.1591E-01, 100.0179
  2.1808E-01, 100.0182
  2.2025E-01, 100.0184
  2.2242E-01, 100.0186
  2.2458E-01, 100.0189
  2.2675E-01, 100.0191
  2.2892E-01, 100.0193
  2.3109E-01, 100.0196
  2.3326E-01, 100.0198
  2.3543E-01, 100.0201
  2.3760E-01, 100.0203
  2.3977E-01, 100.0206
  2.4194E-01, 100.0208
  2.4411E-01, 100.0210
  2.4747E-01, 100.0214
  2.5084E-01, 100.0218
  2.5421E-01, 100.0222
  2.5757E-01, 100.0226
  2.6094E-01, 100.0230
  2.6430E-01, 100.0234
  2.6767E-01, 100.0238
  2.7104E-01, 100.0242
  2.7440E-01, 100.0246
  2.7777E-01, 100.0250
  2.8114E-01, 100.0255
  2.8450E-01, 100.0259
  2.8787E-01, 100.0263
  2.9124E-01, 100.0267
  2.9460E-01, 100.0272
  2.9797E-01, 100.0276
  3.0133E-01, 100.0280
  3.0470E-01, 100.0285
  3.0807E-01, 100.0289
  3.1143E-01, 100.0294
  3.1480E-01, 100.0298
  3.2197E-01, 100.0308
  3.2915E-01, 100.0318
  3.2680E-01, 100.0314
  3.3162E-01, 100.0321
  3.3644E-01, 100.0328
  3.4127E-01, 100.0335
  3.4609E-01, 100.0341
  3.5091E-01, 100.0348
  3.5574E-01, 100.0355
  3.6056E-01, 100.0363
  3.6538E-01, 100.0370
  3.7021E-01, 100.0377
  3.7503E-01, 100.0384
  3.7985E-01, 100.0392
  3.8468E-01, 100.0399
  3.8950E-01, 100.0407
  3.9432E-01, 100.0414
  3.9267E-01, 100.0412
  3.9584E-01, 100.0417
  3.9477E-01, 100.0415
  3.9687E-01, 100.0419
  3.9898E-01, 100.0422
  4.0226E-01, 100.0427
  4.0555E-01, 100.0433
  4.0883E-01, 100.0438
  4.1212E-01, 100.0443
  4.1540E-01, 100.0449
  4.1869E-01, 100.0454
  4.2197E-01, 100.0460
  4.2526E-01, 100.0466
  4.2855E-01, 100.0471
  4.3183E-01, 100.0477
  4.3512E-01, 100.0483
  4.3840E-01, 100.0488
  4.4169E-01, 100.0494
  4.4497E-01, 100.0500
  4.4826E-01, 100.0506
  4.5154E-01, 100.0512
  4.5483E-01, 100.0518
  4.5811E-01, 100.0524
  4.6140E-01, 100.0530
  4.6469E-01, 100.0536
  4.6797E-01, 100.0542
  4.7126E-01, 100.0548
  4.7454E-01, 100.0554
  4.7783E-01, 100.0561
  4.8111E-01, 100.0567
  4.8440E-01, 100.0573
  4.8768E-01, 100.0580
  4.9097E-01, 100.0586
  4.9425E-01, 100.0593
  4.9754E-01, 100.0599
  5.0083E-01, 100.0606
  5.0411E-01, 100.0612
  5.0740E-01, 100.0619
  5.1068E-01, 100.0626
  5.1397E-01, 100.0633
  5.1725E-01, 100.0639
  5.2054E-01, 100.0646
  5.2382E-01, 100.0653
  5.2711E-01, 100.0660
  5.3039E-01, 100.0667
  5.3368E-01, 100.0674
  5.3696E-01, 100.0681
  5.4025E-01, 100.0689
  5.4354E-01, 100.0696
  5.4682E-01, 100.0703
  5.5011E-01, 100.0710
  5.5339E-01, 100.0718
  5.5668E-01, 100.0725
  5.6201E-01, 100.0737
  5.6734E-01, 100.0750
  5.7267E-01, 100.0762
  5.7800E-01, 100.0775
  5.8635E-01, 100.0795
  5.9470E-01, 100.0815
  6.0304E-01, 100.0836
  6.1139E-01, 100.0857
  6.1974E-01, 100.0878
  6.2809E-01, 100.0900
  6.3643E-01, 100.0923
  6.4478E-01, 100.0945
  6.5313E-01, 100.0968
  6.6148E-01, 100.0992
  6.6982E-01, 100.1016
  6.7817E-01, 100.1040
  6.8652E-01, 100.1065
  6.9487E-01, 100.1090
  7.0322E-01, 100.1115
  7.0048E-01, 100.1107
  7.0608E-01, 100.1124
  7.0427E-01, 100.1118
  7.0807E-01, 100.1130
  7.1187E-01, 100.1142
  7.1567E-01, 100.1154
  7.1946E-01, 100.1166
  7.2326E-01, 100.1178
  7.2706E-01, 100.1191
  7.3086E-01, 100.1203
  7.3466E-01, 100.1215
  7.3845E-01, 100.1228
  7.4225E-01, 100.1241
  7.4605E-01, 100.1253
  7.4985E-01, 100.1266
  7.5365E-01, 100.1279
  7.5744E-01, 100.1292
  7.6124E-01, 100.1305
  7.6002E-01, 100.1301
  7.6259E-01, 100.1310
  7.6517E-01, 100.1319
  7.6774E-01, 100.1328
  7.7032E-01, 100.1337
  7.6950E-01, 100.1334
  7.7125E-01, 100.1340
  7.7301E-01, 100.1346
  7.7476E-01, 100.1353
  7.7652E-01, 100.1359
  7.7828E-01, 100.1365
  7.8003E-01, 100.1371
  7.8179E-01, 100.1378
  7.8354E-01, 100.1384
  7.8530E-01, 100.1390
  7.8705E-01, 100.1397
  7.8881E-01, 100.1403
  7.9057E-01, 100.1410
  7.9232E-01, 100.1416
  7.9408E-01, 100.1422
  7.9353E-01, 100.1420
  7.9474E-01, 100.1425
  7.9437E-01, 100.1424
  7.9521E-01, 100.1427
  7.9605E-01, 100.1430
  7.9689E-01, 100.1433
  7.9774E-01, 100.1436
  7.9964E-01, 100.1443
  8.0154E-01, 100.1450
  8.0507E-01, 100.1463
  8.0861E-01, 100.1477
  8.0743E-01, 100.1472
  8.0978E-01, 100.1481
  8.1213E-01, 100.1490
  8.1449E-01, 100.1499
  8.1684E-01, 100.1508
  8.1919E-01, 100.1517
  8.2154E-01, 100.1526
  8.2390E-01, 100.1536
  8.2625E-01, 100.1545
  8.2860E-01, 100.1554
  8.3096E-01, 100.1563
  8.3331E-01, 100.1573
  8.3566E-01, 100.1582
  8.3801E-01, 100.1591
  8.4037E-01, 100.1601
  8.4272E-01, 100.1610
  8.4507E-01, 100.1620
  8.4437E-01, 100.1617
  8.4601E-01, 100.1624
  8.4550E-01, 100.1622
  8.4663E-01, 100.1626
  8.4629E-01, 100.1625
  8.4709E-01, 100.1628
  8.4687E-01, 100.1627
  8.4745E-01, 100.1629
  8.4802E-01, 100.1632
  8.4860E-01, 100.1634
  8.4918E-01, 100.1637
  8.4975E-01, 100.1639
  8.4959E-01, 100.1638
  8.5001E-01, 100.1640
  8.4989E-01, 100.1639
  8.5018E-01, 100.1641
  8.5010E-01, 100.1640
  8.5032E-01, 100.1641
  8.5053E-01, 100.1642
  8.5075E-01, 100.1643
  8.5096E-01, 100.1644
  8.5118E-01, 100.1645
  8.5139E-01, 100.1646
  8.5133E-01, 100.1645
  8.5148E-01, 100.1646
  8.5144E-01, 100.1646
  8.5154E-01, 100.1646
  8.5151E-01, 100.1646
  8.5159E-01, 100.1646
  8.5166E-01, 100.1647
  8.5174E-01, 100.1647
  8.5182E-01, 100.1647
  8.5189E-01, 100.1648
  8.5197E-01, 100.1648
  8.5204E-01, 100.1648
  8.5212E-01, 100.1649
  8.5210E-01, 100.1649
  8.5215E-01, 100.1649
  8.5213E-01, 100.1649
  8.5217E-01, 100.1649
  8.5216E-01, 100.1649
  8.5219E-01, 100.1649
  8.5221E-01, 100.1649
  8.5224E-01, 100.1649
  8.5227E-01, 100.1649
  8.5231E-01, 100.1649
  8.5235E-01, 100.1650
  8.5240E-01, 100.1650
  8.5244E-01, 100.1650
  8.5251E-01, 100.1650
  8.5262E-01, 100.1651
  8.5273E-01, 100.1651
  8.5284E-01, 100.1652
  8.5295E-01, 100.1652
  8.5376E-01, 100.1655
  8.5458E-01, 100.1659
  8.5540E-01, 100.1662
  8.5621E-01, 100.1666
  8.5879E-01, 100.1676
  8.6137E-01, 100.1687
  8.6395E-01, 100.1698
  8.6653E-01, 100.1709
  8.7132E-01, 100.1729
  8.7610E-01, 100.1749
  8.8088E-01, 100.1770
  8.8567E-01, 100.1791
  8.9045E-01, 100.1812
  8.9524E-01, 100.1833
  9.0002E-01, 100.1854
  9.0480E-01, 100.1876
  9.1206E-01, 100.1909
  9.1931E-01, 100.1942
  9.2657E-01, 100.1976
  9.3382E-01, 100.2010
  9.4108E-01, 100.2045
  9.4833E-01, 100.2080
  9.5559E-01, 100.2116
  9.6674E-01, 100.2171
  9.6362E-01, 100.2156
  9.7166E-01, 100.2196
  9.7969E-01, 100.2237
  9.8772E-01, 100.2279
  9.9576E-01, 100.2321
  1.0038E+00, 100.2364
  1.0118E+00, 100.2407
  1.0199E+00, 100.2451
  1.0279E+00, 100.2495
  1.0359E+00, 100.2540
  1.0440E+00, 100.2586
  1.0520E+00, 100.2632
  1.0600E+00, 100.2679
  1.0681E+00, 100.2727
  1.0659E+00, 100.2714
  1.0717E+00, 100.2749
  1.0776E+00, 100.2784
  1.0835E+00, 100.2820
  1.0893E+00, 100.2855
  1.0952E+00, 100.2892
  1.1010E+00, 100.2928
  1.1069E+00, 100.2965
  1.1128E+00, 100.3003
  1.1186E+00, 100.3041
  1.1245E+00, 100.3079
  1.1303E+00, 100.3117
  1.1362E+00, 100.3156
  1.1421E+00, 100.3195
  1.1479E+00, 100.3235
  1.1538E+00, 100.3275
  1.1596E+00, 100.3315
  1.1579E+00, 100.3303
  1.1620E+00, 100.3331
  1.1606E+00, 100.3322
  1.1634E+00, 100.3341
  1.1626E+00, 100.3335
  1.1645E+00, 100.3349
  1.1640E+00, 100.3345
  1.1654E+00, 100.3355
  1.1668E+00, 100.3364
  1.1682E+00, 100.3374
  1.1695E+00, 100.3384
  1.1709E+00, 100.3394
  1.1705E+00, 100.3391
  1.1714E+00, 100.3397
  1.1711E+00, 100.3395
  1.1717E+00, 100.3400
  1.1716E+00, 100.3398
  1.1720E+00, 100.3401
  1.1719E+00, 100.3400
  1.1722E+00, 100.3403
  1.1725E+00, 100.3405
  1.1728E+00, 100.3407
  1.1731E+00, 100.3409
  1.1734E+00, 100.3411
  1.1733E+00, 100.3411
  1.1735E+00, 100.3412
  1.1735E+00, 100.3412
  1.1736E+00, 100.3413
  1.1736E+00, 100.3413
  1.1737E+00, 100.3413
  1.1738E+00, 100.3414
  1.1739E+00, 100.3415
  1.1740E+00, 100.3416
  1.1741E+00, 100.3416
  1.1742E+00, 100.3417
  1.1742E+00, 100.3417
  1.1743E+00, 100.3417
  1.1744E+00, 100.3418
  1.1745E+00, 100.3419
  1.1745E+00, 100.3419
  1.1746E+00, 100.3420
  1.1747E+00, 100.3420
  1.1749E+00, 100.3422
  1.1751E+00, 100.3423
  1.1753E+00, 100.3425
  1.1755E+00, 100.3426
  1.1757E+00, 100.3428
  1.1760E+00, 100.3429
  1.1762E+00, 100.3431
  1.1764E+00, 100.3432
  1.1766E+00, 100.3434
  1.1768E+00, 100.3435
  1.1770E+00, 100.3437
  1.1770E+00, 100.3436
  1.1771E+00, 100.3437
  1.1771E+00, 100.3437
  1.1772E+00, 100.3438
  1.1773E+00, 100.3439
  1.1774E+00, 100.3440
  1.1776E+00, 100.3441
  1.1779E+00, 100.3443
  1.1786E+00, 100.3448
  1.1793E+00, 100.3453
  1.1800E+00, 100.3458
  1.1813E+00, 100.3467
  1.1835E+00, 100.3484
  1.1877E+00, 100.3513
  1.1861E+00, 100.3502
  1.1887E+00, 100.3521
  1.1913E+00, 100.3540
  1.1939E+00, 100.3559
  1.1965E+00, 100.3578
  1.1991E+00, 100.3597
  1.2017E+00, 100.3616
  1.2072E+00, 100.3657
  1.2127E+00, 100.3698
  1.2183E+00, 100.3740
  1.2238E+00, 100.3783
  1.2293E+00, 100.3825
  1.2349E+00, 100.3868
  1.2404E+00, 100.3912
  1.2459E+00, 100.3956
  1.2553E+00, 100.4031
  1.2646E+00, 100.4107
  1.2613E+00, 100.4079
  1.2672E+00, 100.4128
  1.2732E+00, 100.4178
  1.2792E+00, 100.4228
  1.2851E+00, 100.4278
  1.2911E+00, 100.4329
  1.2971E+00, 100.4380
  1.3030E+00, 100.4432
  1.3090E+00, 100.4485
  1.3150E+00, 100.4538
  1.3209E+00, 100.4591
  1.3269E+00, 100.4645
  1.3329E+00, 100.4700
  1.3389E+00, 100.4755
  1.3448E+00, 100.4811
  1.3508E+00, 100.4867
  1.3568E+00, 100.4924
  1.3627E+00, 100.4981
  1.3687E+00, 100.5039
  1.3747E+00, 100.5097
  1.3806E+00, 100.5157
  1.3866E+00, 100.5216
  1.3926E+00, 100.5277
  1.3985E+00, 100.5337
  1.4045E+00, 100.5399
  1.4105E+00, 100.5461
  1.4164E+00, 100.5524
  1.4224E+00, 100.5587
  1.4284E+00, 100.5651
  1.4344E+00, 100.5716
  1.4403E+00, 100.5781
  1.4463E+00, 100.5847
  1.4523E+00, 100.5914
  1.4506E+00, 100.5896
  1.4550E+00, 100.5945
  1.4593E+00, 100.5994
  1.4637E+00, 100.6044
  1.4680E+00, 100.6093
  1.4724E+00, 100.6144
  1.4767E+00, 100.6194
  1.4810E+00, 100.6245
  1.4854E+00, 100.6297
  1.4897E+00, 100.6349
  1.4941E+00, 100.6401
  1.4984E+00, 100.6454
  1.5028E+00, 100.6507
  1.5016E+00, 100.6492
  1.5047E+00, 100.6530
  1.5038E+00, 100.6519
  1.5061E+00, 100.6547
  1.5054E+00, 100.6540
  1.5071E+00, 100.6560
  1.5087E+00, 100.6580
  1.5104E+00, 100.6600
  1.5120E+00, 100.6620
  1.5136E+00, 100.6641
  1.5132E+00, 100.6635
  1.5143E+00, 100.6650
  1.5140E+00, 100.6646
  1.5148E+00, 100.6656
  1.5146E+00, 100.6653
  1.5152E+00, 100.6661
  1.5158E+00, 100.6668
  1.5164E+00, 100.6676
  1.5170E+00, 100.6684
  1.5176E+00, 100.6691
  1.5175E+00, 100.6689
  1.5179E+00, 100.6694
  1.5178E+00, 100.6693
  1.5181E+00, 100.6697
  1.5180E+00, 100.6696
  1.5182E+00, 100.6698
  1.5184E+00, 100.6701
  1.5186E+00, 100.6704
  1.5189E+00, 100.6707
  1.5191E+00, 100.6709
  1.5190E+00, 100.6708
  1.5192E+00, 100.6710
  1.5191E+00, 100.6710
  1.5192E+00, 100.6711
  1.5192E+00, 100.6711
  1.5193E+00, 100.6712
  1.5194E+00, 100.6713
  1.5195E+00, 100.6714
  1.5195E+00, 100.6715
  1.5196E+00, 100.6716
  1.5197E+00, 100.6717
  1.5197E+00, 100.6717
  1.5197E+00, 100.6717
  1.5197E+00, 100.6717
  1.5198E+00, 100.6718
  1.5198E+00, 100.6718
  1.5198E+00, 100.6719
  1.5199E+00, 100.6719
  1.5199E+00, 100.6720
  1.5200E+00, 100.6720
  1.5200E+00, 100.6720
  1.5200E+00, 100.6721
  1.5200E+00, 100.6721
  1.5200E+00, 100.6721
  1.5200E+00, 100.6721
  1.5200E+00, 100.6721
  1.5201E+00, 100.6722
  1.5201E+00, 100.6722
  1.5201E+00, 100.6723
  1.5202E+00, 100.6723
  1.5202E+00, 100.6723
  1.5202E+00, 100.6724
  1.5203E+00, 100.6724
  1.5203E+00, 100.6725
  1.5204E+00, 100.6726
  1.5205E+00, 100.6727
  1.5206E+00, 100.6728
  1.5207E+00, 100.6729
  1.5207E+00, 100.6730
  1.5209E+00, 100.6732
  1.5211E+00, 100.6735
  1.5213E+00, 100.6737
  1.5214E+00, 100.6739
  1.5217E+00, 100.6743
  1.5224E+00, 100.6752
  1.5231E+00, 100.6761
  1.5238E+00, 100.6770
  1.5246E+00, 100.6779
  1.5253E+00, 100.6787
  1.5272E+00, 100.6812
  1.5291E+00, 100.6837
  1.5285E+00, 100.6829
  1.5298E+00, 100.6845
  1.5311E+00, 100.6862
  1.5324E+00, 100.6878
  1.5336E+00, 100.6895
  1.5358E+00, 100.6923
  1.5380E+00, 100.6952
  1.5402E+00, 100.6980
  1.5424E+00, 100.7009
  1.5446E+00, 100.7037
  1.5467E+00, 100.7066
  1.5504E+00, 100.7115
  1.5541E+00, 100.7164
  1.5578E+00, 100.7213
  1.5614E+00, 100.7263
  1.5651E+00, 100.7313
  1.5688E+00, 100.7363
  1.5724E+00, 100.7413
  1.5761E+00, 100.7464
  1.5798E+00, 100.7516
  1.5862E+00, 100.7606
  1.5927E+00, 100.7698
  1.5909E+00, 100.7673
  1.5956E+00, 100.7740
  1.6003E+00, 100.7807
  1.6076E+00, 100.7915
  1.6150E+00, 100.8024
  1.6129E+00, 100.7993
  1.6182E+00, 100.8072
  1.6235E+00, 100.8152
  1.6288E+00, 100.8232
  1.6341E+00, 100.8313
  1.6394E+00, 100.8395
  1.6447E+00, 100.8478
  1.6500E+00, 100.8562
  1.6553E+00, 100.8646
  1.6606E+00, 100.8731
  1.6659E+00, 100.8817
  1.6712E+00, 100.8903
  1.6765E+00, 100.8991
  1.6750E+00, 100.8966
  1.6789E+00, 100.9030
  1.6778E+00, 100.9013
  1.6806E+00, 100.9059
  1.6834E+00, 100.9106
  1.6862E+00, 100.9153
  1.6890E+00, 100.9200
  1.6918E+00, 100.9247
  1.6945E+00, 100.9295
  1.6973E+00, 100.9343
  1.7001E+00, 100.9391
  1.7029E+00, 100.9439
  1.7057E+00, 100.9488
  1.7085E+00, 100.9537
  1.7113E+00, 100.9586
  1.7140E+00, 100.9635
  1.7168E+00, 100.9685
  1.7196E+00, 100.9734
  1.7224E+00, 100.9785
  1.7252E+00, 100.9835
  1.7280E+00, 100.9885
  1.7308E+00, 100.9936
  1.7336E+00, 100.9987
  1.7328E+00, 100.9973
  1.7348E+00, 101.0010
  1.7342E+00, 100.9999
  1.7356E+00, 101.0025
  1.7352E+00, 101.0018
  1.7363E+00, 101.0037
  1.7373E+00, 101.0056
  1.7383E+00, 101.0075
  1.7393E+00, 101.0094
  1.7404E+00, 101.0113
  1.7401E+00, 101.0107
  1.7408E+00, 101.0121
  1.7406E+00, 101.0117
  1.7411E+00, 101.0127
  1.7410E+00, 101.0124
  1.7413E+00, 101.0131
  1.7417E+00, 101.0138
  1.7421E+00, 101.0145
  1.7425E+00, 101.0152
  1.7428E+00, 101.0159
  1.7427E+00, 101.0157
  1.7430E+00, 101.0162
  1.7429E+00, 101.0161
  1.7431E+00, 101.0164
  1.7431E+00, 101.0163
  1.7432E+00, 101.0166
  1.7434E+00, 101.0169
  1.7435E+00, 101.0171
  1.7436E+00, 101.0174
  1.7438E+00, 101.0177
  1.7439E+00, 101.0179
  1.7439E+00, 101.0178
  1.7440E+00, 101.0180
  1.7439E+00, 101.0180
  1.7440E+00, 101.0181
  1.7440E+00, 101.0181
  1.7440E+00, 101.0182
  1.7441E+00, 101.0183
  1.7441E+00, 101.0183
  1.7442E+00, 101.0184
  1.7442E+00, 101.0185
  1.7443E+00, 101.0186
  1.7443E+00, 101.0186
  1.7443E+00, 101.0187
  1.7443E+00, 101.0186
  1.7443E+00, 101.0187
  1.7444E+00, 101.0187
  1.7444E+00, 101.0188
  1.7444E+00, 101.0188
  1.7444E+00, 101.0189
  1.7445E+00, 101.0189
  1.7445E+00, 101.0190
  1.7445E+00, 101.0190
  1.7446E+00, 101.0192
  1.7446E+00, 101.0193
  1.7447E+00, 101.0194
  1.7448E+00, 101.0195
  1.7449E+00, 101.0197
  1.7451E+00, 101.0202
  1.7456E+00, 101.0211
  1.7461E+00, 101.0220
  1.7466E+00, 101.0229
  1.7475E+00, 101.0246
  1.7499E+00, 101.0291
  1.7535E+00, 101.0361
  1.7524E+00, 101.0340
  1.7550E+00, 101.0388
  1.7575E+00, 101.0437
  1.7601E+00, 101.0486
  1.7650E+00, 101.0581
  1.7699E+00, 101.0677
  1.7748E+00, 101.0774
  1.7797E+00, 101.0871
  1.7846E+00, 101.0970
  1.7895E+00, 101.1069
  1.7945E+00, 101.1169
  1.8019E+00, 101.1323
  1.8094E+00, 101.1478
  1.8168E+00, 101.1636
  1.8243E+00, 101.1796
  1.8317E+00, 101.1958
  1.8392E+00, 101.2122
  1.8466E+00, 101.2289
  1.8541E+00, 101.2457
  1.8615E+00, 101.2628
  1.8690E+00, 101.2802
  1.8764E+00, 101.2977
  1.8839E+00, 101.3155
  1.8913E+00, 101.3336
  1.8988E+00, 101.3519
  1.9062E+00, 101.3704
  1.9137E+00, 101.3892
  1.9115E+00, 101.3837
  1.9168E+00, 101.3971
  1.9151E+00, 101.3928
  1.9187E+00, 101.4020
  1.9176E+00, 101.3992
  1.9202E+00, 101.4057
  1.9195E+00, 101.4040
  1.9214E+00, 101.4088
  1.9232E+00, 101.4136
  1.9251E+00, 101.4184
  1.9269E+00, 101.4233
  1.9288E+00, 101.4281
  1.9307E+00, 101.4330
  1.9301E+00, 101.4316
  1.9315E+00, 101.4350
  1.9310E+00, 101.4339
  1.9319E+00, 101.4362
  1.9316E+00, 101.4355
  1.9322E+00, 101.4371
  1.9321E+00, 101.4366
  1.9325E+00, 101.4377
  1.9324E+00, 101.4374
  1.9327E+00, 101.4382
  1.9330E+00, 101.4390
  1.9333E+00, 101.4399
  1.9336E+00, 101.4407
  1.9342E+00, 101.4422
  1.9347E+00, 101.4436
  1.9353E+00, 101.4451
  1.9359E+00, 101.4466
  1.9368E+00, 101.4492
  1.9389E+00, 101.4545
  1.9409E+00, 101.4600
  1.9429E+00, 101.4654
  1.9450E+00, 101.4708
  1.9494E+00, 101.4827
  1.9538E+00, 101.4947
  1.9582E+00, 101.5067
  1.9650E+00, 101.5255
  1.9717E+00, 101.5444
  1.9785E+00, 101.5636
  1.9910E+00, 101.5995
  2.0034E+00, 101.6362
  2.0159E+00, 101.6737
  2.0283E+00, 101.7121
  2.0408E+00, 101.7513
  2.0532E+00, 101.7914
  2.0657E+00, 101.8324
  2.0781E+00, 101.8742
  2.0906E+00, 101.9171
  2.1030E+00, 101.9608
  2.1155E+00, 102.0056
  2.1279E+00, 102.0513
  2.1404E+00, 102.0980
  2.1528E+00, 102.1457
  2.1653E+00, 102.1945
  2.1777E+00, 102.2443
  2.1731E+00, 102.2259
  2.1810E+00, 102.2577
  2.1781E+00, 102.2461
  2.1832E+00, 102.2665
  2.1882E+00, 102.2870
  2.1932E+00, 102.3077
  2.1982E+00, 102.3286
  2.2032E+00, 102.3497
  2.2082E+00, 102.3710
  2.2132E+00, 102.3925
  2.2182E+00, 102.4141
  2.2273E+00, 102.4539
  2.2365E+00, 102.4943
  2.2456E+00, 102.5353
  2.2547E+00, 102.5770
  2.2638E+00, 102.6193
  2.2729E+00, 102.6623
  2.2820E+00, 102.7059
  2.2911E+00, 102.7502
  2.3002E+00, 102.7951
  2.3093E+00, 102.8408
  2.3184E+00, 102.8871
  2.3276E+00, 102.9341
  2.3367E+00, 102.9818
  2.3458E+00, 103.0302
  2.3549E+00, 103.0793
  2.3640E+00, 103.1291
  2.3731E+00, 103.1797
  2.3822E+00, 103.2310
  2.3913E+00, 103.2830
  2.4004E+00, 103.3358
  2.4095E+00, 103.3894
  2.4187E+00, 103.4437
  2.4278E+00, 103.4988
  2.4369E+00, 103.5546
  2.4460E+00, 103.6113
  2.4551E+00, 103.6687
  2.4642E+00, 103.7269
  2.4733E+00, 103.7860
  2.4886E+00, 103.8870
  2.5039E+00, 103.9904
  2.5192E+00, 104.0962
  2.5346E+00, 104.2043
  2.5499E+00, 104.3148
  2.5652E+00, 104.4278
  2.5805E+00, 104.5432
  2.5958E+00, 104.6611
  2.6111E+00, 104.7815
  2.6264E+00, 104.9045
  2.6418E+00, 105.0300
  2.6571E+00, 105.1582
  2.6724E+00, 105.2889
  2.6877E+00, 105.4223
  2.7030E+00, 105.5583
  2.6980E+00, 105.5140
  2.7084E+00, 105.6069
  2.7051E+00, 105.5769
  2.7121E+00, 105.6404
  2.7191E+00, 105.7044
  2.7262E+00, 105.7690
  2.7420E+00, 105.9165
  2.7578E+00, 106.0669
  2.7736E+00, 106.2203
  2.7686E+00, 106.1711
  2.7794E+00, 106.2767
  2.7901E+00, 106.3836
  2.8083E+00, 106.5668
  2.8265E+00, 106.7539
  2.8446E+00, 106.9449
  2.8628E+00, 107.1399
  2.8809E+00, 107.3388
  2.8991E+00, 107.5418
  2.9173E+00, 107.7487
  2.9354E+00, 107.9595
  2.9536E+00, 108.1745
  2.9717E+00, 108.3934
  2.9899E+00, 108.6163
  3.0081E+00, 108.8432
  3.0262E+00, 109.0742
  3.0444E+00, 109.3092
  3.0625E+00, 109.5482
  3.0807E+00, 109.7913
  3.0989E+00, 110.0383
  3.1170E+00, 110.2894
  3.1352E+00, 110.5444
  3.1533E+00, 110.8035
  3.1715E+00, 111.0665
  3.1897E+00, 111.3335
  3.2078E+00, 111.6044
  3.2260E+00, 111.8793
  3.2441E+00, 112.1581
  3.2623E+00, 112.4408
  3.2805E+00, 112.7275
  3.2986E+00, 113.0180
  3.3168E+00, 113.3123
  3.3443E+00, 113.7652
  3.3718E+00, 114.2269
  3.3993E+00, 114.6972
  3.4267E+00, 115.1760
  3.4542E+00, 115.6635
  3.4817E+00, 116.1593
  3.5092E+00, 116.6636
  3.5367E+00, 117.1761
  3.5642E+00, 117.6969
  3.5917E+00, 118.2258
  3.6192E+00, 118.7627
  3.6466E+00, 119.3076
  3.6741E+00, 119.8605
  3.7016E+00, 120.4211
  3.7291E+00, 120.9895
  3.7566E+00, 121.5656
  3.7482E+00, 121.3883
  3.7673E+00, 121.7908
  3.7863E+00, 122.1970
  3.8054E+00, 122.6067
  3.8245E+00, 123.0201
  3.8435E+00, 123.4370
  3.8626E+00, 123.8575
  3.8817E+00, 124.2815
  3.9007E+00, 124.7090
  3.9198E+00, 125.1400
  3.9389E+00, 125.5744
  3.9580E+00, 126.0123
  3.9770E+00, 126.4536
  3.9961E+00, 126.8983
  4.0152E+00, 127.3464
  4.0342E+00, 127.7978
  4.0533E+00, 128.2526
  4.0724E+00, 128.7107
  4.0914E+00, 129.1721
  4.1234E+00, 129.9526
  4.1553E+00, 130.7422
  4.1873E+00, 131.5409
  4.2192E+00, 132.3487
  4.2512E+00, 133.1654
  4.2831E+00, 133.9911
  4.3151E+00, 134.8256
  4.3470E+00, 135.6689
  4.3790E+00, 136.5210
  4.4110E+00, 137.3819
  4.4429E+00, 138.2514
  4.4749E+00, 139.1296
  4.5068E+00, 140.0164
  4.5388E+00, 140.9118
  4.5707E+00, 141.8158
  4.6027E+00, 142.7284
  4.6346E+00, 143.6495
  4.6666E+00, 144.5792
  4.6985E+00, 145.5174
  4.7305E+00, 146.4641
  4.7624E+00, 147.4194
  4.7944E+00, 148.3831
  4.8263E+00, 149.3555
  4.8583E+00, 150.3363
  4.8902E+00, 151.3258
  4.9222E+00, 152.3238
  4.9541E+00, 153.3303
  4.9861E+00, 154.3455
  4.9760E+00, 154.0237
  4.9978E+00, 154.7210
  5.0197E+00, 155.4224
  5.0415E+00, 156.1279
  5.0342E+00, 155.8913
  5.0487E+00, 156.3620
  5.0633E+00, 156.8345
  5.0778E+00, 157.3088
  5.0924E+00, 157.7849
  5.1069E+00, 158.2627
  5.1214E+00, 158.7424
  5.1360E+00, 159.2239
  5.1505E+00, 159.7072
  5.1650E+00, 160.1924
  5.1796E+00, 160.6793
  5.1941E+00, 161.1681
  5.2087E+00, 161.6587
  5.2232E+00, 162.1511
  5.2377E+00, 162.6453
  5.2523E+00, 163.1414
  5.2668E+00, 163.6394
  5.2813E+00, 164.1391
  5.2959E+00, 164.6408
  5.3104E+00, 165.1442
  5.3250E+00, 165.6496
  5.3395E+00, 166.1568
  5.3540E+00, 166.6658
  5.3792E+00, 167.5505
  5.4043E+00, 168.4409
  5.4294E+00, 169.3368
  5.4546E+00, 170.2385
  5.4947E+00, 171.6896
  5.5348E+00, 173.1553
  5.5750E+00, 174.6357
  5.6151E+00, 176.1309
  5.6552E+00, 177.6411
  5.6954E+00, 179.1663
  5.7355E+00, 180.7067
  5.7756E+00, 182.2623
  5.8158E+00, 183.8334
  5.8559E+00, 185.4201
  5.8960E+00, 187.0225
  5.9362E+00, 188.6407
  5.9763E+00, 190.2749
  6.0164E+00, 191.9252
  6.0566E+00, 193.5919
  6.0967E+00, 195.2749
  6.1368E+00, 196.9745
  6.1770E+00, 198.6909
  6.2171E+00, 200.4242
  6.2572E+00, 202.1745
  6.2973E+00, 203.9421
  6.3375E+00, 205.7270
  6.3776E+00, 207.5295
  6.4177E+00, 209.3498
  6.4579E+00, 211.1880
  6.4980E+00, 213.0443
  6.5381E+00, 214.9189
  6.5783E+00, 216.8119
  6.6184E+00, 218.7236
  6.6585E+00, 220.6541
  6.6987E+00, 222.6036
  6.7388E+00, 224.5724
  6.7789E+00, 226.5605
  6.8191E+00, 228.5683
  6.8066E+00, 227.9426
  6.8343E+00, 229.3340
  6.8619E+00, 230.7348
  6.8896E+00, 232.1452
  6.9173E+00, 233.5652
  6.9658E+00, 236.0808
  7.0144E+00, 238.6266
  7.0629E+00, 241.2028
  7.1115E+00, 243.8100
  7.1880E+00, 247.9822
  7.2645E+00, 252.2337
  7.3411E+00, 256.5660
  7.4176E+00, 260.9807
  7.4941E+00, 265.4795
  7.5706E+00, 270.0641
  7.6471E+00, 274.7361
  7.7237E+00, 279.4975
  7.8002E+00, 284.3499
  7.8767E+00, 289.2952
  7.8525E+00, 287.7215
  7.9049E+00, 291.1372
  7.9572E+00, 294.5975
  8.0095E+00, 298.1031
  8.0618E+00, 301.6546
  8.1142E+00, 305.2527
  8.1665E+00, 308.8979
  8.2188E+00, 312.5910
  8.2712E+00, 316.3326
  8.3235E+00, 320.1234
  8.3758E+00, 323.9640
  8.4281E+00, 327.8552
  8.4805E+00, 331.7977
  8.5328E+00, 335.7921
  8.5851E+00, 339.8392
  8.6375E+00, 343.9398
  8.6898E+00, 348.0945
  8.7421E+00, 352.3042
  8.7944E+00, 356.5695
  8.8468E+00, 360.8914
  8.8991E+00, 365.2705
  8.8820E+00, 363.8330
  8.9172E+00, 366.8007
  8.9061E+00, 365.8575
  8.9301E+00, 367.8943
  8.9542E+00, 369.9435
  8.9783E+00, 372.0051
  9.0023E+00, 374.0793
  9.0404E+00, 377.3875
  9.0785E+00, 380.7277
  9.1166E+00, 384.1001
  9.1546E+00, 387.5050
  9.1927E+00, 390.9430
  9.2308E+00, 394.4141
  9.2689E+00, 397.9189
  9.3070E+00, 401.4575
  9.3450E+00, 405.0305
  9.3831E+00, 408.6381
  9.4212E+00, 412.2807
  9.4593E+00, 415.9586
  9.4974E+00, 419.6722
  9.5355E+00, 423.4219
  9.5735E+00, 427.2080
  9.6116E+00, 431.0309
  9.6497E+00, 434.8910
  9.6878E+00, 438.7887
  9.7259E+00, 442.7243
  9.7639E+00, 446.6983
  9.8020E+00, 450.7110
  9.8401E+00, 454.7628
  9.8782E+00, 458.8541
  9.9163E+00, 462.9854
  9.9543E+00, 467.1570
  9.9924E+00, 471.3694
  1.0031E+01, 475.6230
  1.0069E+01, 479.9181
  1.0107E+01, 484.2553
  1.0145E+01, 488.6350
  1.0183E+01, 493.0575
  1.0221E+01, 497.5234
  1.0259E+01, 502.0331
  1.0297E+01, 506.5870
  1.0335E+01, 511.1856
  1.0373E+01, 515.8293
  1.0411E+01, 520.5187
  1.0449E+01, 525.2542
  1.0487E+01, 530.0362
  1.0526E+01, 534.8652
  1.0564E+01, 539.7418
  1.0602E+01, 544.6664
  1.0640E+01, 549.6395
  1.0678E+01, 554.6616
  1.0716E+01, 559.7332
  1.0754E+01, 564.8549
  1.0792E+01, 570.0271
  1.0830E+01, 575.2504
  1.0868E+01, 580.5253
  1.0906E+01, 585.8524
  1.0944E+01, 591.2321
  1.0983E+01, 596.6650
  1.1021E+01, 602.1517
  1.1059E+01, 607.6927
  1.1097E+01, 613.2886
  1.1135E+01, 618.9400
  1.1173E+01, 624.6474
  1.1211E+01, 630.4115
  1.1249E+01, 636.2327
  1.1287E+01, 642.1118
  1.1325E+01, 648.0492
  1.1363E+01, 654.0457
  1.1401E+01, 660.1017
  1.1440E+01, 666.2181
  1.1478E+01, 672.3952
  1.1516E+01, 678.6339
  1.1554E+01, 684.9347
  1.1592E+01, 691.2984
  1.1630E+01, 697.7254
  1.1668E+01, 704.2166
  1.1706E+01, 710.7725
  1.1744E+01, 717.3939
  1.1782E+01, 724.0814
  1.1820E+01, 730.8357
  1.1858E+01, 737.6575
  1.1896E+01, 744.5476
  1.1935E+01, 751.5066
  1.1973E+01, 758.5353
  1.2011E+01, 765.6343
  1.2049E+01, 772.8044
  1.2087E+01, 780.0464
  1.2125E+01, 787.3611
  1.2163E+01, 794.7491
  1.2201E+01, 802.2112
  1.2239E+01, 809.7482
  1.2277E+01, 817.3610
  1.2315E+01, 825.0502
  1.2353E+01, 832.8168
  1.2392E+01, 840.6614
  1.2430E+01, 848.5850
  1.2468E+01, 856.5883
  1.2506E+01, 864.6722
  1.2544E+01, 872.8376
  1.2582E+01, 881.0852
  1.2620E+01, 889.4160
  1.2658E+01, 897.8309
  1.2696E+01, 906.3306
  1.2734E+01, 914.9161
  1.2772E+01, 923.5884
  1.2810E+01, 932.3483
  1.2849E+01, 941.1967
  1.2887E+01, 950.1346
  1.2970E+01, 970.0702
  1.2938E+01, 962.4117
  1.2990E+01, 974.8578
  1.2974E+01, 971.0294
  1.3010E+01, 979.7293
  1.3046E+01, 988.5121
  1.3082E+01, 997.3787
  1.3118E+01, ********
  1.3153E+01, ********
  1.3189E+01, ********
  1.3225E+01, ********
  1.3261E+01, ********
  1.3297E+01, ********
  1.3333E+01, ********
  1.3369E+01, ********
  1.3405E+01, ********
  1.3440E+01, ********
  1.3429E+01, ********
  1.3452E+01, ********
  1.3445E+01, ********
  1.3461E+01, ********
  1.3477E+01, ********
  1.3493E+01, ********
  1.3509E+01, ********
  1.3525E+01, ********
  1.3541E+01, ********
  1.3558E+01, ********
  1.3574E+01, ********
  1.3590E+01, ********
  1.3606E+01, ********
  1.3622E+01, ********
  1.3638E+01, ********
  1.3654E+01, ********
  1.3650E+01, ********
  1.3661E+01, ********
  1.3672E+01, ********
  1.3683E+01, ********
  1.3695E+01, ********
  1.3706E+01, ********
  1.3717E+01, ********
  1.3728E+01, ********
  1.3739E+01, ********
  1.3751E+01, ********
  1.3762E+01, ********
  1.3773E+01, ********
  1.3784E+01, ********
  1.3796E+01, ********
  1.3807E+01, ********
  1.3832E+01, ********
  1.3857E+01, ********
  1.3882E+01, ********
  1.3907E+01, ********
  1.3932E+01, ********
  1.3957E+01, ********
  1.3982E+01, ********
  1.4006E+01, ********
  1.4031E+01, ********
  1.4056E+01, ********
  1.4081E+01, ********
  1.4106E+01, ********
  1.4131E+01, ********
  1.4156E+01, ********
  1.4181E+01, ********
  1.4206E+01, ********
  1.4231E+01, ********
  1.4256E+01, ********
  1.4281E+01, ********
  1.4306E+01, ********
  1.4331E+01, ********
  1.4356E+01, ********
  1.4381E+01, ********
  1.4406E+01, ********
  1.4430E+01, ********
  1.4471E+01, ********
  1.4512E+01, ********
  1.4553E+01, ********
  1.4618E+01, ********
  1.4682E+01, ********
  1.4747E+01, ********
  1.4812E+01, ********
  1.4877E+01, ********
  1.4942E+01, ********
  1.5007E+01, ********
  1.5072E+01, ********
  1.5136E+01, ********
  1.5201E+01, ********
  1.5266E+01, ********
  1.5331E+01, ********
  1.5396E+01, ********
  1.5461E+01, ********
  1.5526E+01, ********
  1.5591E+01, ********
  1.5655E+01, ********
  1.5720E+01, ********
  1.5785E+01, ********
  1.5850E+01, ********
  1.5915E+01, ********
  1.5980E+01, ********
  1.5960E+01, ********
  1.6005E+01, ********
  1.6050E+01, ********
  1.6095E+01, ********
  1.6141E+01, ********
  1.6186E+01, ********
  1.6231E+01, ********
  1.6276E+01, ********
  1.6321E+01, ********
  1.6366E+01, ********
  1.6351E+01, ********
  1.6380E+01, ********
  1.6370E+01, ********
  1.6390E+01, ********
  1.6409E+01, ********
  1.6429E+01, ********
  1.6458E+01, ********
  1.6488E+01, ********
  1.6517E+01, ********
  1.6547E+01, ********
  1.6576E+01, ********
  1.6606E+01, ********
  1.6635E+01, ********
  1.6665E+01, ********
  1.6694E+01, ********
  1.6724E+01, ********
  1.6753E+01, ********
  1.6783E+01, ********
  1.6812E+01, ********
  1.6842E+01, ********
  1.6886E+01, ********
  1.6868E+01, ********
  1.6894E+01, ********
  1.6920E+01, ********
  1.6946E+01, ********
  1.6973E+01, ********
  1.6999E+01, ********
  1.7025E+01, ********
  1.7051E+01, ********
  1.7042E+01, ********
  1.7059E+01, ********
  1.7054E+01, ********
  1.7065E+01, ********
  1.7077E+01, ********
  1.7088E+01, ********
  1.7085E+01, ********
  1.7093E+01, ********
  1.7101E+01, ********
  1.7109E+01, ********
  1.7117E+01, ********
  1.7125E+01, ********
  1.7133E+01, ********
  1.7130E+01, ********
  1.7136E+01, ********
  1.7142E+01, ********
  1.7147E+01, ********
  1.7145E+01, ********
  1.7149E+01, ********
  1.7148E+01, ********
  1.7150E+01, ********
  1.7153E+01, ********
  1.7157E+01, ********
  1.7162E+01, ********
  1.7166E+01, ********
  1.7174E+01, ********
  1.7193E+01, ********
  1.7229E+01, ********
  1.7266E+01, ********
  1.7303E+01, ********
  1.7339E+01, ********
  1.7376E+01, ********
  1.7413E+01, ********
  1.7450E+01, ********
  1.7486E+01, ********
  1.7523E+01, ********
  1.7560E+01, ********
  1.7596E+01, ********
  1.7633E+01, ********
  1.7670E+01, ********
  1.7707E+01, ********
  1.7743E+01, ********
  1.7780E+01, ********
  1.7817E+01, ********
  1.7853E+01, ********
  1.7890E+01, ********
  1.7927E+01, ********
  1.7964E+01, ********
  1.8000E+01, ********
  1.8037E+01, ********
  1.8074E+01, ********
  1.8110E+01, ********
  1.8147E+01, ********
  1.8184E+01, ********
  1.8221E+01, ********
  1.8257E+01, ********
  1.8294E+01, ********
  1.8331E+01, ********
  1.8367E+01, ********
  1.8404E+01, ********
  1.8441E+01, ********
  1.8478E+01, ********
  1.8514E+01, ********
  1.8551E+01, ********
  1.8588E+01, ********
  1.8624E+01, ********
  1.8661E+01, ********
  1.8698E+01, ********
  1.8735E+01, ********
  1.8771E+01, ********
  1.8808E+01, ********
  1.8845E+01, ********
  1.8881E+01, ********
  1.8918E+01, ********
  1.8955E+01, ********
  1.8992E+01, ********
  1.9028E+01, ********
  1.9065E+01, ********
  1.9102E+01, ********
  1.9138E+01, ********
  1.9175E+01, ********
  1.9212E+01, ********
  1.9249E+01, ********
  1.9285E+01, ********
  1.9322E+01, ********
  1.9359E+01, ********
  1.9345E+01, ********
  1.9369E+01, ********
  1.9392E+01, ********
  1.9415E+01, ********
  1.9454E+01, ********
  1.9493E+01, ********
  1.9532E+01, ********
  1.9571E+01, ********
  1.9610E+01, ********
  1.9649E+01, ********
  1.9689E+01, ********
  1.9728E+01, ********
  1.9767E+01, ********
  1.9806E+01, ********
  1.9845E+01, ********
  1.9884E+01, ********
  1.9923E+01, ********
  1.9962E+01, ********
  2.0001E+01, ********
  2.0040E+01, ********
  2.0079E+01, ********
  2.0118E+01, ********
  2.0157E+01, ********
  2.0197E+01, ********
  2.0236E+01, ********
  2.0275E+01, ********
  2.0314E+01, ********
  2.0353E+01, ********
  2.0392E+01, ********
  2.0431E+01, ********
  2.0470E+01, ********
  2.0509E+01, ********
  2.0548E+01, ********
  2.0587E+01, ********
  2.0626E+01, ********
  2.0666E+01, ********
  2.0705E+01, ********
  2.0744E+01, ********
  2.0729E+01, ********
  2.0754E+01, ********
  2.0779E+01, ********
  2.0803E+01, ********
  2.0846E+01, ********
  2.0889E+01, ********
  2.0933E+01, ********
  2.0976E+01, ********
  2.1019E+01, ********
  2.1062E+01, ********
  2.1105E+01, ********
  2.1148E+01, ********
  2.1191E+01, ********
  2.1234E+01, ********
  2.1277E+01, ********
  2.1320E+01, ********
  2.1363E+01, ********
  2.1406E+01, ********
  2.1449E+01, ********
  2.1493E+01, ********
  2.1536E+01, ********
  2.1579E+01, ********
  2.1622E+01, ********
  2.1665E+01, ********
  2.1708E+01, ********
  2.1751E+01, ********
  2.1794E+01, ********
  2.1837E+01, ********
  2.1880E+01, ********
  2.1923E+01, ********
  2.1966E+01, ********
  2.2010E+01, ********
  2.2053E+01, ********
  2.2096E+01, ********
  2.2080E+01, ********
  2.2108E+01, ********
  2.2135E+01, ********
  2.2162E+01, ********
  2.2190E+01, ********
  2.2217E+01, ********
  2.2245E+01, ********
  2.2272E+01, ********
  2.2300E+01, ********
  2.2327E+01, ********
  2.2355E+01, ********
  2.2382E+01, ********
  2.2410E+01, ********
  2.2437E+01, ********
  2.2464E+01, ********
  2.2492E+01, ********
  2.2519E+01, ********
  2.2547E+01, ********
  2.2574E+01, ********
  2.2602E+01, ********
  2.2629E+01, ********
  2.2657E+01, ********
  2.2684E+01, ********
  2.2712E+01, ********
  2.2739E+01, ********
  2.2767E+01, ********
  2.2794E+01, ********
